,ShootFreshWeight_g,TillerLength_cm,ShootDryWeight_g
CV1,0.461122290388048,0.643044977469804,0.55718941024887
CV2,0.449224985883797,0.653332556182808,0.553222842380752
CV3,0.491236323933252,0.654656957340283,0.547182826786779
CV4,0.484801267494462,0.659853106558054,0.54528032412836
CV5,0.462737752358743,0.659681795586474,0.543825599794601
