,ShootFreshWeight_g,TillerLength_cm,ShootDryWeight_g
CV1,0.470893187390406,0.655374052760223,0.554219790741388
CV2,0.457970687057627,0.659633224317871,0.539763036951461
CV3,0.486696753746618,0.655855850086881,0.560841662351641
CV4,0.477488312634734,0.662085946709379,0.547977211539631
CV5,0.46692873657564,0.676436338387384,0.556261425614963
