,ShootFreshWeight_g,TillerLength_cm,ShootDryWeight_g
CV2,0.46086985806927,0.653684245140079,0.551533736989541
CV3,0.483365053888844,0.654764089574147,0.568541561164797
CV4,0.479332391936495,0.662775674022054,0.552213443377726
CV5,0.468529715238774,0.66975882944569,0.542949828534045
