,ShootFreshWeight_g,TillerLength_cm,ShootDryWeight_g
CV1,0.475953797816597,0.654277922219858,0.561812048668795
CV2,0.470010154003158,0.657941167714963,0.541599326116077
CV3,0.488039109322329,0.656475935287037,0.576054997631884
CV4,0.463306861364483,0.664159845025057,0.54897509720389
CV5,0.459498372628176,0.666854321905648,0.548063282308845
