,ShootFreshWeight_g,TillerLength_cm,ShootDryWeight_g
CV1,0.474152142651181,0.645347664722548,0.560527290613899
CV2,0.460583083935574,0.640414862307928,0.541924726695257
CV3,0.497648614760433,0.652934977363235,0.567094840648532
CV4,0.478073246284702,0.659009388207911,0.548944857007087
CV5,0.462801342409939,0.668836236787517,0.546930973050522
