,ShootFreshWeight_g,TillerLength_cm,ShootDryWeight_g
CV1,0.473141941118703,0.648463885850303,0.555020912294408
CV2,0.46946674632366,0.662627741636392,0.547738634067203
CV3,0.497323038007932,0.654520438240481,0.564893049405162
CV4,0.490876097889958,0.657461082189632,0.552128706008432
CV5,0.454578885560905,0.6725449070898,0.549310486107856
