,Chunk_0,Chunk_1,Chunk_2,Chunk_3,Chunk_4,Chunk_5,Chunk_6,Chunk_7,Chunk_8,Average
0,0.474651686,0.473280238,0.471110165,0.471995535,0.473024255,0.477077342,0.469824524,0.474496075,0.471361659,0.472980164
1,0.653308626,0.65710865,0.657798062,0.661877082,0.66024571,0.659123611,0.654113879,0.662744401,0.659941838,0.65847354
2,0.553084538,0.551099617,0.554494755,0.551812625,0.553809643,0.553818358,0.549340201,0.558764019,0.55530095,0.553502745
