,ShootFreshWeight_g,TillerLength_cm,ShootDryWeight_g
CV1,0.475961381859991,0.658717217101243,0.566340743633237
CV2,0.463864434770257,0.656959481423182,0.55837247207075
CV3,0.487670955650251,0.6577867010417,0.570777331930087
CV4,0.480233193602265,0.667468210208092,0.548819416843895
CV5,0.464750407989952,0.672790394900704,0.549510129105994
