,ShootFreshWeight_g,TillerLength_cm,ShootDryWeight_g
CV1,0.467769313171426,0.647981000242053,0.562280738379676
CV2,0.450647010722693,0.654367134157499,0.553922512917707
CV3,0.489497497765379,0.652873725078361,0.560166696128153
CV4,0.483960681114886,0.666747282741791,0.541625349593942
CV5,0.463676321596115,0.667021169291872,0.554478479853249
