,ShootFreshWeight_g,TillerLength_cm,ShootDryWeight_g
CV1,0.467724223380742,0.648887232946445,0.553006309859961
CV2,0.465176743691823,0.656572838947459,0.551910443239064
CV3,0.479982790932725,0.657054476212804,0.559260891170077
CV4,0.482458223536797,0.658997460794326,0.545708000799446
CV5,0.471059209327783,0.664031241317169,0.545612440957571
