,ShootFreshWeight_g,TillerLength_cm,ShootDryWeight_g
CV1,0.462293073,0.65314051,0.559614041
CV2,0.458615242,0.647394064,0.533018935
CV3,0.491681266,0.657430404,0.558387435
CV4,0.483158431,0.659618076,0.550343346
CV5,0.476901613,0.675450797,0.553441403
