,ShootFreshWeight_g,TillerLength_cm,ShootDryWeight_g
CV1,0.467506107,0.64704256,0.559467273
CV2,0.456237354,0.653242521,0.558388742
CV3,0.484257826,0.657083563,0.567592807
CV4,0.471069381,0.665443343,0.559595836
CV5,0.459907088,0.661096275,0.562603865
