,Chunk_0,Chunk_1,Chunk_2,Average
0,0.476217234,0.474529925,0.467795551,0.47284757
1,0.661078803,0.65860677,0.656781652,0.658822408
2,0.558512379,0.550961032,0.561529705,0.557001038
