,ShootFreshWeight_g,TillerLength_cm,ShootDryWeight_g
CV1,0.479599161,0.656148342,0.560766159
CV2,0.467225531,0.656398147,0.554934169
CV3,0.48362919,0.661534251,0.563715524
CV4,0.485007177,0.665022862,0.561986085
CV5,0.465625109,0.666290412,0.551159956
