,ShootFreshWeight_g,TillerLength_cm,ShootDryWeight_g
CV1,0.465047662670699,0.654231424463591,0.549499710832303
CV2,0.460130102592644,0.650815171235938,0.545101628210367
CV3,0.483654610680658,0.654531688032394,0.567564946637048
CV4,0.483735631008654,0.665501454783731,0.552173611218149
CV5,0.455624958642066,0.6639073418828,0.547541446628162
