,ShootFreshWeight_g,TillerLength_cm,ShootDryWeight_g
CV1,0.473076531024616,0.649675286112329,0.556767700987369
CV2,0.45835725950288,0.651890692614281,0.549624317888247
CV3,0.494671053153639,0.646663069183191,0.550619474770947
CV4,0.476026989795058,0.664507715054074,0.559740355347341
CV5,0.470588626830308,0.666920681929498,0.548670830597764
