,Chunk_0,Chunk_1,Average
0,0.46963859311894424,0.4745440920613002,0.4720913425901222
1,0.6577974160796908,0.6559314889786746,0.6568644525291827
2,0.5523762687052057,0.5530845359183336,0.5527304023117696
