,ShootFreshWeight_g,TillerLength_cm,ShootDryWeight_g
CV1,0.461429670804138,0.65680200143947,0.557400802329181
CV2,0.45590116727023,0.654897656081419,0.548044684454382
CV3,0.495028689939001,0.655985800049442,0.57463337078984
CV4,0.462322795885163,0.661451582574345,0.557370770964656
CV5,0.453658080619696,0.677994807578968,0.538446453930231
