,ShootFreshWeight_g,TillerLength_cm,ShootDryWeight_g
CV1,0.460780094340696,0.652605466689044,0.560008167955315
CV2,0.472110767700799,0.660786736736445,0.553016251765333
CV3,0.491486316202367,0.661202832744212,0.572299044530637
CV4,0.466676441340414,0.660577409287966,0.559748469279988
CV5,0.455490459421606,0.67054098930638,0.556629606268723
