,ShootFreshWeight_g,TillerLength_cm,ShootDryWeight_g
CV1,0.463118642401424,0.65193043455658,0.549070100004043
CV2,0.462437603002515,0.653714783484459,0.553942163775552
CV3,0.497342909809736,0.655719599949128,0.573173608182271
CV4,0.479805178974937,0.665428348618708,0.561017475329595
CV5,0.468099092442411,0.668062386965823,0.555586721279134
