,ShootFreshWeight_g,TillerLength_cm,ShootDryWeight_g
CV1,0.475996483128592,0.653368643606912,0.562971678463824
CV2,0.466286097267589,0.649148902778425,0.549745915076983
CV3,0.489972620984367,0.661956142974907,0.564643253796309
CV4,0.473434958264639,0.663062665128437,0.558349913091572
CV5,0.453029812599409,0.668445231322415,0.550626657369564
