,ShootFreshWeight_g,TillerLength_cm,ShootDryWeight_g
CV1,0.465552405908126,0.652066591594403,0.5543294427445
CV2,0.452852337839708,0.656792048382715,0.548451345735788
CV3,0.49502208353025,0.657410014570015,0.568379497867285
CV4,0.469131181466411,0.664364145447396,0.554808636189621
CV5,0.460636138208417,0.671271377245704,0.546332997779015
