,ShootFreshWeight_g,TillerLength_cm,ShootDryWeight_g
CV2,0.465194975325847,0.661811012468425,0.564586031347409
CV3,0.495638038149817,0.658008164696924,0.576712737644588
CV4,0.479077664903511,0.667088044117064,0.555949181014691
CV5,0.465544646575207,0.670662140058734,0.56356722139722
