,ShootFreshWeight_g,TillerLength_cm,ShootDryWeight_g
CV1,0.466856839973516,0.656660039942371,0.556770706663384
CV2,0.459908013700514,0.649378276441121,0.55879859783123
CV3,0.490771031004628,0.660796303715958,0.566361530083907
CV4,0.478898003141014,0.660647528839203,0.552671116632093
CV5,0.466517990175895,0.669580664432748,0.546231989023804
