,ShootFreshWeight_g,TillerLength_cm,ShootDryWeight_g
CV1,0.466693120840985,0.661773930651714,0.550368578774161
CV2,0.452029751790907,0.650027644386859,0.562238676774759
CV3,0.482504000387015,0.661593167965587,0.56797957945341
CV4,0.480472324557346,0.663511566446273,0.558644134060619
CV5,0.459772448335231,0.670173860841539,0.548814480154348
