,ShootFreshWeight_g,TillerLength_cm,ShootDryWeight_g
CV1,0.461459479502156,0.659106110232032,0.553794476858029
CV2,0.469864876375477,0.656957780314838,0.546492697599096
CV3,0.495043224319177,0.656770849221127,0.572943528014353
CV4,0.474821956095958,0.659597636990508,0.548994900064061
CV5,0.459782865063278,0.665121802236012,0.552992950111747
