,ShootFreshWeight_g,TillerLength_cm,ShootDryWeight_g
CV1,0.461226556618899,0.660396448896517,0.564143215273883
CV2,0.453246097413479,0.65945120123861,0.553092517087772
CV3,0.500190789335232,0.661498841588846,0.570224852452145
CV4,0.477376448934665,0.669569400802698,0.545497028026808
CV5,0.465649681168026,0.666095947877628,0.557695146066127
