,ShootFreshWeight_g,TillerLength_cm,ShootDryWeight_g
CV1,0.460828346702387,0.645523248933976,0.553297822838286
CV2,0.448601144965817,0.654342908454177,0.54862364631102
CV3,0.487705270898535,0.652935607100981,0.567605990890625
CV4,0.467704791340059,0.668351802130581,0.550672348978495
CV5,0.445361538154545,0.668619070646766,0.556787738806322
