,ShootFreshWeight_g,TillerLength_cm,ShootDryWeight_g
CV1,0.472364406190266,0.649559712724919,0.55608745399915
CV2,0.458286844496634,0.65488536097691,0.557816922237979
CV3,0.47970358086184,0.653797423514767,0.580151235847538
CV4,0.466237102898951,0.666599696394702,0.558635317142674
CV5,0.456620043899692,0.66926442884586,0.553719973176252
