,ShootFreshWeight_g,TillerLength_cm,ShootDryWeight_g
CV1,0.460237082979325,0.651116837165943,0.565836593428998
CV2,0.451506022308844,0.650152823738438,0.560703344009771
CV3,0.494610152014066,0.657732546374555,0.560229191937442
CV4,0.480314932127567,0.657765295194928,0.543450884725722
CV5,0.466898503594527,0.667106646155498,0.548972845945779
