,ShootFreshWeight_g,TillerLength_cm,ShootDryWeight_g
CV1,0.461678517254667,0.651880710793121,0.557913516977834
CV2,0.448935341791467,0.653643790671968,0.547589639517798
CV3,0.490060642153003,0.661402886840599,0.565473538213923
CV4,0.470723406468619,0.654520992157673,0.55196288539236
CV5,0.460371023037772,0.666491820155366,0.538254783487774
