,ShootFreshWeight_g,TillerLength_cm,ShootDryWeight_g
CV1,0.467078112566067,0.651284761847573,0.56915761701719
CV2,0.455714174081398,0.653669467484461,0.555201870747342
CV3,0.490607166703957,0.653269457556989,0.572567308217734
CV4,0.473924889216897,0.66980015429591,0.555634395353231
CV5,0.463851119289972,0.673906322130284,0.552413289549091
