,ShootFreshWeight_g,TillerLength_cm,ShootDryWeight_g
CV1,0.473041559920824,0.655532332421849,0.56394317314638
CV2,0.461152325476981,0.655198050269904,0.555568111386852
CV3,0.493034658535743,0.652431080553146,0.567698003660762
CV4,0.470718227846353,0.668986233687703,0.550034403908481
CV5,0.464496746885392,0.670224273177162,0.553815051293619
