,Chunk_0,Chunk_1,Chunk_2,Chunk_3,Chunk_4,Chunk_5,Chunk_6,Chunk_7,Chunk_8,Chunk_9,Chunk_10,Chunk_11,Chunk_12,Chunk_13,Chunk_14,Chunk_15,Chunk_16,Average
0,0.4763638312385955,0.4693088158011764,0.47932091298154705,0.46829432918229674,0.4741606853262046,0.4663537861411056,0.46863882939058243,0.47153791469406026,0.47248870373305857,0.47071333860486586,0.46566808090364564,0.46204021841226856,0.4702350923716582,0.47259037559911343,0.4721944802712092,0.46664239566947663,0.4717439944489191,0.470487987339399
1,0.6643923403352867,0.6611426869528094,0.658893262943691,0.6614160340583944,0.6589711107149395,0.6575880401237455,0.6603808354480466,0.6634023680808598,0.6604743940219528,0.6567748297258724,0.6614263695447289,0.6579545274532961,0.6603860326630434,0.6594125626742802,0.6595108357989033,0.6588213244914316,0.6591963171622192,0.660008463070206
2,0.565203792850977,0.5603403079599992,0.5633423253229938,0.5576090898434594,0.5585580137141191,0.5522388727179378,0.5544603840632418,0.558130551781347,0.5582117486792189,0.5558385720095425,0.555179216493658,0.5553975095649497,0.5609948961769176,0.5561667880468836,0.5550437105294572,0.5612821804807187,0.5572674835596504,0.5579567908114749
