,ShootFreshWeight_g,TillerLength_cm,ShootDryWeight_g
CV1,0.479945553624756,0.657826880642902,0.567759717280832
CV2,0.467672495824613,0.649150344386315,0.561530997051827
CV3,0.501544678910556,0.655740093458267,0.572412988205423
CV4,0.476367217225516,0.665243189780751,0.557336394018976
CV5,0.471074619322294,0.66650580645022,0.557671530057911
